{
  "track_id": 1,
  "video_name": "4",
  "total_frames": 272,
  "avg_confidence": 0.8876558962990256,
  "selected_frame_idx": 261,
  "selected_confidence": 0.9576629996299744,
  "width": 125,
  "height": 267,
  "isolation_score": 1.0,
  "quality_score": 0.743422187699212,
  "num_keypoints": 11,
  "bbox_average": [
    119.3646536959062,
    223.06711321500322
  ]
}